"","Kingdom","Phylum","Class","Order","Family","Genus"
"CCTACGGGTGGCTGCAGTAGGGAATCTTCCACAATGGGCGCAAGCCTGATGGAGCAACGCCGCGTGAATGAAGAAGGTCTTCGGATCGTAAAATTCTGTTGTTAGAGAAGAATATGAGTAATAGTAACTGATTATTCACTGACGGTATCTAACCAGCAAGTCACGGCTAACTACGTGCCAGCAGCCGCGGTAATACGTAGGTGGCAAGCGTTGTCCGGATTTATTGGGCGTAAAGGGAACGCAGGCGGTTTTTTAAGTCTGATGTGAAAGCCTTCGGCTTAACCGGAGATGTGCATTGGAAACTGGAAGACTTGAGTGCAGAAGAGGAGAGTGGAACTCCATGTGTAGCGGTGAAATGCGTAGATATATGGAAGAACACCAGTGGCGAAAGCGGCTCTCTGGTCTGTAACTGACGCTGAGGTTCGAAAGCATGGGTAGCGAACAGGATTAGATACCCTAGTAGTC","Bacteria","Firmicutes","Bacilli","Lactobacillales","Lactobacillaceae","Ligilactobacillus"
"CCTACGGGTGGCTGCAGTAGGGAATCTTCCACAATGGGCGCAAGCCTGATGGAGCAACGCCGCGTGAATGAAGAAGGTCTTCGGATCGTAAAATTCTGTTGTTAGAGAAGAATATGAGTAATAGTAACTGATTATTCACTGACGGTATCTAACCAGCAAGTCACGGCTAACTACGTGCCAGCAGCCGCGGTAATACGTAGGTGGCAAGCGTTGTCCGGATTTATTGGGCGTAAAGGGAACGCAGGCGGTTTTTTAAGTCTGATGTGAAAGCCTTCGGCTTAACCGGAGATGTGCATTGGAAACTGGAAGACTTGAGTGCAGAAGAGGAGAGTGGAACTCCATGTGTAGCGGTGAAATGCGTAGATATATGGAAGAACACCAGTGGCGAAAGCGGCTCTCTGGTCTGTAACTGACGCTGAGGTTCGAAAGCATGGGTAGCGAACAGGATTAGATACCCGAGTAGTC","Bacteria","Firmicutes","Bacilli","Lactobacillales","Lactobacillaceae","Ligilactobacillus"
"CCTACGGGTGGCTGCAGTAGGGAATCTTCCACAATGGGCGCAAGCCTGATGGAGCAACGCCGCGTGAATGAAGAAGGTCTTCGGATCGTAAAATTCTGTTGTTAGAGAAGAATATGAGTAATAGTAACTGATTATTCACTGACGGTATCTAACCAGCAAGTCACGGCTAACTACGTGCCAGCAGCCGCGGTAATACGTAGGTGGCAAGCGTTGTCCGGATTTATTGGGCGTAAAGGGAACGCAGGCGGTTTTTTAAGTCTGATGTGAAAGCCTTCGGCTTAACCGGAGATGTGCATTGGAAACTGGAAGACTTGAGTGCAGAAGAGGAGAGTGGAACTCCATGTGTAGCGGTGAAATGCGTAGATATATGGAAGAACACCAGTGGCGAAAGCGGCTCTCTGGTCTGTAACTGACGCTGAGGTTCGAAAGCATGGGTAGCGAACAGGATTAGATACCCCAGTAGTC","Bacteria","Firmicutes","Bacilli","Lactobacillales","Lactobacillaceae","Ligilactobacillus"
"CCTACGGGCGGCTGCAGTAGGGAATCTTCCACAATGGGCGCAAGCCTGATGGAGCAACGCCGCGTGAATGAAGAAGGTCTTCGGATCGTAAAATTCTGTTGTTAGAGAAGAATATGAGTAATAGTAACTGATTATTCACTGACGGTATCTAACCAGCAAGTCACGGCTAACTACGTGCCAGCAGCCGCGGTAATACGTAGGTGGCAAGCGTTGTCCGGATTTATTGGGCGTAAAGGGAACGCAGGCGGTTTTTTAAGTCTGATGTGAAAGCCTTCGGCTTAACCGGAGATGTGCATTGGAAACTGGAAGACTTGAGTGCAGAAGAGGAGAGTGGAACTCCATGTGTAGCGGTGAAATGCGTAGATATATGGAAGAACACCAGTGGCGAAAGCGGCTCTCTGGTCTGTAACTGACGCTGAGGTTCGAAAGCATGGGTAGCGAACAGGATTAGATACCCTAGTAGTC","Bacteria","Firmicutes","Bacilli","Lactobacillales","Lactobacillaceae","Ligilactobacillus"
"CCTACGGGTGGCTGCAGTAGGGAATCTTCCACAATGGGCGCAAGCCTGATGGAGCAACGCCGCGTGAATGAAGAAGGTCTTCGGATCGTAAAATTCTGTTGTTAGAGAAGAATATGAGTAATAGTAACTGATTATTCACTGACGGTATCTAACCAGCAAGTCACGGCTAACTACGTGCCAGCAGCCGCGGTAATACGTAGGTGGCAAGCGTTGTCCGGATTTATTGGGCGTAAAGGGAACGCAGGCGGTTTTTTAAGTCTGATGTGAAAGCCTTCGGCTTAACCGGAGATGTGCATTGGAAACTGGAAGACTTGAGTGCAGAAGAGGAGAGTGGAACTCCATGTGTAGCGGTGAAATGCGTAGATATATGGAAGAACACCAGTGGCGAAAGCGGCTCTCTGGTCTGTAACTGACGCTGAGGTTCGAAAGCATGGGTAGCGAACAGGATTAGATACCCTTGTAGTC","Bacteria","Firmicutes","Bacilli","Lactobacillales","Lactobacillaceae","Ligilactobacillus"
"CCTACGGGTGGCAGCAGTAGGGAATCTTCCACAATGGGCGCAAGCCTGATGGAGCAACGCCGCGTGAATGAAGAAGGTCTTCGGATCGTAAAATTCTGTTGTTAGAGAAGAATATGAGTAATAGTAACTGATTATTCACTGACGGTATCTAACCAGCAAGTCACGGCTAACTACGTGCCAGCAGCCGCGGTAATACGTAGGTGGCAAGCGTTGTCCGGATTTATTGGGCGTAAAGGGAACGCAGGCGGTTTTTTAAGTCTGATGTGAAAGCCTTCGGCTTAACCGGAGATGTGCATTGGAAACTGGAAGACTTGAGTGCAGAAGAGGAGAGTGGAACTCCATGTGTAGCGGTGAAATGCGTAGATATATGGAAGAACACCAGTGGCGAAAGCGGCTCTCTGGTCTGTAACTGACGCTGAGGTTCGAAAGCATGGGTAGCGAACAGGATTAGATACCCTAGTAGTC","Bacteria","Firmicutes","Bacilli","Lactobacillales","Lactobacillaceae","Ligilactobacillus"
"CCTACGGGTGGCTGCAGTAGGGAATCTTCCACAATGGGCGCAAGCCTGATGGAGCAACGCCGCGTGAATGAAGAAGGTCTTCGGATCGTAAAATTCTGTTGTTAGAGAAGAATATGAGTAATAGTAACTGATTATTCACTGACGGTATCTAACCAGCAAGTCACGGCTAACTACGTGCCAGCAGCCGCGGTAATACGTAGGTGGCAAGCGTTGTCCGGATTTATTGGGCGTAAAGGGAACGCAGGCGGTTTTTTAAGTCTGATGTGAAAGCCTTCGGCTTAACCGGAGATGTGCATTGGAAACTGGAAGACTTGAGTGCAGAAGAGGAGAGTGGAACTCCATGTGTAGCGGTGAAATGCGTAGATATATGGAAGAACACCAGTGGCGAAAGCGGCTCTCTGGTCTGTAACTGACGCTGAGGTTCGAAAGCATGGGTAGCGAACAGGATTAGATACCCTGGTAGTC","Bacteria","Firmicutes","Bacilli","Lactobacillales","Lactobacillaceae","Ligilactobacillus"
"CCTACGGGCGGCTGCAGTAGGGAATCTTCCACAATGGGCGCAAGCCTGATGGAGCAACGCCGCGTGAATGAAGAAGGTCTTCGGATCGTAAAATTCTGTTGTTAGAGAAGAATATGAGTAATAGTAACTGATTATTCACTGACGGTATCTAACCAGCAAGTCACGGCTAACTACGTGCCAGCAGCCGCGGTAATACGTAGGTGGCAAGCGTTGTCCGGATTTATTGGGCGTAAAGGGAACGCAGGCGGTTTTTTAAGTCTGATGTGAAAGCCTTCGGCTTAACCGGAGATGTGCATTGGAAACTGGAAGACTTGAGTGCAGAAGAGGAGAGTGGAACTCCATGTGTAGCGGTGAAATGCGTAGATATATGGAAGAACACCAGTGGCGAAAGCGGCTCTCTGGTCTGTAACTGACGCTGAGGTTCGAAAGCATGGGTAGCGAACAGGATTAGATACCCGAGTAGTC","Bacteria","Firmicutes","Bacilli","Lactobacillales","Lactobacillaceae","Ligilactobacillus"
"CCTACGGGAGGCTGCAGTAGGGAATCTTCCACAATGGGCGCAAGCCTGATGGAGCAACGCCGCGTGAATGAAGAAGGTCTTCGGATCGTAAAATTCTGTTGTTAGAGAAGAATATGAGTAATAGTAACTGATTATTCACTGACGGTATCTAACCAGCAAGTCACGGCTAACTACGTGCCAGCAGCCGCGGTAATACGTAGGTGGCAAGCGTTGTCCGGATTTATTGGGCGTAAAGGGAACGCAGGCGGTTTTTTAAGTCTGATGTGAAAGCCTTCGGCTTAACCGGAGATGTGCATTGGAAACTGGAAGACTTGAGTGCAGAAGAGGAGAGTGGAACTCCATGTGTAGCGGTGAAATGCGTAGATATATGGAAGAACACCAGTGGCGAAAGCGGCTCTCTGGTCTGTAACTGACGCTGAGGTTCGAAAGCATGGGTAGCGAACAGGATTAGATACCCTAGTAGTC","Bacteria","Firmicutes","Bacilli","Lactobacillales","Lactobacillaceae","Ligilactobacillus"
"CCTACGGGGGGCTGCAGTAGGGAATCTTCCACAATGGGCGCAAGCCTGATGGAGCAACGCCGCGTGAATGAAGAAGGTCTTCGGATCGTAAAATTCTGTTGTTAGAGAAGAATATGAGTAATAGTAACTGATTATTCACTGACGGTATCTAACCAGCAAGTCACGGCTAACTACGTGCCAGCAGCCGCGGTAATACGTAGGTGGCAAGCGTTGTCCGGATTTATTGGGCGTAAAGGGAACGCAGGCGGTTTTTTAAGTCTGATGTGAAAGCCTTCGGCTTAACCGGAGATGTGCATTGGAAACTGGAAGACTTGAGTGCAGAAGAGGAGAGTGGAACTCCATGTGTAGCGGTGAAATGCGTAGATATATGGAAGAACACCAGTGGCGAAAGCGGCTCTCTGGTCTGTAACTGACGCTGAGGTTCGAAAGCATGGGTAGCGAACAGGATTAGATACCCTAGTAGTC","Bacteria","Firmicutes","Bacilli","Lactobacillales","Lactobacillaceae","Ligilactobacillus"
"CCTACGGGTGGCAGCAGTAGGGAATCTTCCACAATGGGCGCAAGCCTGATGGAGCAACGCCGCGTGAATGAAGAAGGTCTTCGGATCGTAAAATTCTGTTGTTAGAGAAGAATATGAGTAATAGTAACTGATTATTCACTGACGGTATCTAACCAGCAAGTCACGGCTAACTACGTGCCAGCAGCCGCGGTAATACGTAGGTGGCAAGCGTTGTCCGGATTTATTGGGCGTAAAGGGAACGCAGGCGGTTTTTTAAGTCTGATGTGAAAGCCTTCGGCTTAACCGGAGATGTGCATTGGAAACTGGAAGACTTGAGTGCAGAAGAGGAGAGTGGAACTCCATGTGTAGCGGTGAAATGCGTAGATATATGGAAGAACACCAGTGGCGAAAGCGGCTCTCTGGTCTGTAACTGACGCTGAGGTTCGAAAGCATGGGTAGCGAACAGGATTAGATACCCTTGTAGTC","Bacteria","Firmicutes","Bacilli","Lactobacillales","Lactobacillaceae","Ligilactobacillus"
"CCTACGGGCGGCTGCAGTAGGGAATCTTCCACAATGGGCGCAAGCCTGATGGAGCAACGCCGCGTGAATGAAGAAGGTCTTCGGATCGTAAAATTCTGTTGTTAGAGAAGAATATGAGTAATAGTAACTGATTATTCACTGACGGTATCTAACCAGCAAGTCACGGCTAACTACGTGCCAGCAGCCGCGGTAATACGTAGGTGGCAAGCGTTGTCCGGATTTATTGGGCGTAAAGGGAACGCAGGCGGTTTTTTAAGTCTGATGTGAAAGCCTTCGGCTTAACCGGAGATGTGCATTGGAAACTGGAAGACTTGAGTGCAGAAGAGGAGAGTGGAACTCCATGTGTAGCGGTGAAATGCGTAGATATATGGAAGAACACCAGTGGCGAAAGCGGCTCTCTGGTCTGTAACTGACGCTGAGGTTCGAAAGCATGGGTAGCGAACAGGATTAGATACCCTTGTAGTC","Bacteria","Firmicutes","Bacilli","Lactobacillales","Lactobacillaceae","Ligilactobacillus"
"CCTACGGGCGGCTGCAGTAGGGAATCTTCCACAATGGGCGCAAGCCTGATGGAGCAACGCCGCGTGAATGAAGAAGGTCTTCGGATCGTAAAATTCTGTTGTTAGAGAAGAATATGAGTAATAGTAACTGATTATTCACTGACGGTATCTAACCAGCAAGTCACGGCTAACTACGTGCCAGCAGCCGCGGTAATACGTAGGTGGCAAGCGTTGTCCGGATTTATTGGGCGTAAAGGGAACGCAGGCGGTTTTTTAAGTCTGATGTGAAAGCCTTCGGCTTAACCGGAGATGTGCATTGGAAACTGGAAGACTTGAGTGCAGAAGAGGAGAGTGGAACTCCATGTGTAGCGGTGAAATGCGTAGATATATGGAAGAACACCAGTGGCGAAAGCGGCTCTCTGGTCTGTAACTGACGCTGAGGTTCGAAAGCATGGGTAGCGAACAGGATTAGATACCCCAGTAGTC","Bacteria","Firmicutes","Bacilli","Lactobacillales","Lactobacillaceae","Ligilactobacillus"
"CCTACGGGAGGCTGCAGTAGGGAATCTTCCACAATGGGCGCAAGCCTGATGGAGCAACGCCGCGTGAATGAAGAAGGTCTTCGGATCGTAAAATTCTGTTGTTAGAGAAGAATATGAGTAATAGTAACTGATTATTCACTGACGGTATCTAACCAGCAAGTCACGGCTAACTACGTGCCAGCAGCCGCGGTAATACGTAGGTGGCAAGCGTTGTCCGGATTTATTGGGCGTAAAGGGAACGCAGGCGGTTTTTTAAGTCTGATGTGAAAGCCTTCGGCTTAACCGGAGATGTGCATTGGAAACTGGAAGACTTGAGTGCAGAAGAGGAGAGTGGAACTCCATGTGTAGCGGTGAAATGCGTAGATATATGGAAGAACACCAGTGGCGAAAGCGGCTCTCTGGTCTGTAACTGACGCTGAGGTTCGAAAGCATGGGTAGCGAACAGGATTAGATACCCGAGTAGTC","Bacteria","Firmicutes","Bacilli","Lactobacillales","Lactobacillaceae","Ligilactobacillus"
"CCTACGGGTGGCTGCAGTAGGGAATCTTCCACAATGGGCGCAAGCCTGATGGAGCAACGCCGCGTGAATGAAGAAGGTCTTCGGATCGTAAAATTCTGTTGTTAGAGAAGAATATGAGTAATAGTAACTGATTATTCACTGACGGTATCTAACCAGCAAGTCACGGCTAACTACGTGCCAGCAGCCGCGGTAATACGTAGGTGGCAAGCGTTGTCCGGATTTATTGGGCGTAAAGGGAACGCAGGCGGTTTTTTAAGTCTGATGTGAAAGCCTTCGGCTTAACCGGAGATGTGCATTGGAAACTGGAAGACTTGAGTGCAGAAGAGGAGAGTGGAACTCCATGTGTAGCGGTGAAATGCGTAGATATATGGAAGAACACCAGTGGCGAAAGCGGCTCTCTGGTCTGTAACTGACGCTGAGGTTCGAAAGCATGGGTAGCGAACAGGATTAGATACCCGTGTAGTC","Bacteria","Firmicutes","Bacilli","Lactobacillales","Lactobacillaceae","Ligilactobacillus"
"CCTACGGGTGGCTGCAGTAGGGAATCTTCCACAATGGGCGCAAGCCTGATGGAGCAACGCCGCGTGAATGAAGAAGGTCTTCGGATCGTAAAATTCTGTTGTTAGAGAAGAATATGAGTAATAGTAACTGATTATTCACTGACGGTATCTAACCAGCAAGTCACGGCTAACTACGTGCCAGCAGCCGCGGTAATACGTAGGTGGCAAGCGTTGTCCGGATTTATTGGGCGTAAAGGGAACGCAGGCGGTTTTTTAAGTCTGATGTGAAAGCCTTCGGCTTAACCGGAGATGTGCATTGGAAACTGGAAGACTTGAGTGCAGAAGAGGAGAGTGGAACTCCATGTGTAGCGGTGAAATGCGTAGATATATGGAAGAACACCAGTGGCGAAAGCGGCTCTCTGGTCTGTAACTGACGCTGAGGTTCGAAAGCATGGGTAGCGAACAGGATTAGATACCCCTGTAGTC","Bacteria","Firmicutes","Bacilli","Lactobacillales","Lactobacillaceae","Ligilactobacillus"
"CCTACGGGAGGCTGCAGTAGGGAATCTTCCACAATGGGCGCAAGCCTGATGGAGCAACGCCGCGTGAATGAAGAAGGTCTTCGGATCGTAAAATTCTGTTGTTAGAGAAGAATATGAGTAATAGTAACTGATTATTCACTGACGGTATCTAACCAGCAAGTCACGGCTAACTACGTGCCAGCAGCCGCGGTAATACGTAGGTGGCAAGCGTTGTCCGGATTTATTGGGCGTAAAGGGAACGCAGGCGGTTTTTTAAGTCTGATGTGAAAGCCTTCGGCTTAACCGGAGATGTGCATTGGAAACTGGAAGACTTGAGTGCAGAAGAGGAGAGTGGAACTCCATGTGTAGCGGTGAAATGCGTAGATATATGGAAGAACACCAGTGGCGAAAGCGGCTCTCTGGTCTGTAACTGACGCTGAGGTTCGAAAGCATGGGTAGCGAACAGGATTAGATACCCCAGTAGTC","Bacteria","Firmicutes","Bacilli","Lactobacillales","Lactobacillaceae","Ligilactobacillus"
"CCTACGGGTGGCTGCAGTAGGGAATCTTCCACAATGGGCGCAAGCCTGATGGAGCAACGCCGCGTGAATGAAGAAGGTCTTCGGATCGTAAAATTCTGTTGTTAGAGAAGAATATGAGTAATAGTAACTGATTATTCACTGACGGTATCTAACCAGCAAGTCACGGCTAACTACGTGCCAGCAGCCGCGGTAATACGTAGGTGGCAAGCGTTGTCCGGATTTATTGGGCGTAAAGGGAACGCAGGCGGTTTTTTAAGTCTGATGTGAAAGCCTTCGGCTTAACCGGAGATGTGCATTGGAAACTGGAAGACTTGAGTGCAGAAGAGGAGAGTGGAACTCCATGTGTAGCGGTGAAATGCGTAGATATATGGAAGAACACCAGTGGCGAAAGCGGCTCTCTGGTCTGTAACTGACGCTGAGGTTCGAAAGCATGGGTAGCGAACAGGATTAGATACCCCGGTAGTC","Bacteria","Firmicutes","Bacilli","Lactobacillales","Lactobacillaceae","Ligilactobacillus"
"CCTACGGGAGGCAGCAGTAGGGAATCTTCCACAATGGGCGCAAGCCTGATGGAGCAACGCCGCGTGAATGAAGAAGGTCTTCGGATCGTAAAATTCTGTTGTTAGAGAAGAATATGAGTAATAGTAACTGATTATTCACTGACGGTATCTAACCAGCAAGTCACGGCTAACTACGTGCCAGCAGCCGCGGTAATACGTAGGTGGCAAGCGTTGTCCGGATTTATTGGGCGTAAAGGGAACGCAGGCGGTTTTTTAAGTCTGATGTGAAAGCCTTCGGCTTAACCGGAGATGTGCATTGGAAACTGGAAGACTTGAGTGCAGAAGAGGAGAGTGGAACTCCATGTGTAGCGGTGAAATGCGTAGATATATGGAAGAACACCAGTGGCGAAAGCGGCTCTCTGGTCTGTAACTGACGCTGAGGTTCGAAAGCATGGGTAGCGAACAGGATTAGATACCCTAGTAGTC","Bacteria","Firmicutes","Bacilli","Lactobacillales","Lactobacillaceae","Ligilactobacillus"
"CCTACGGGTGGCTGCAGTGGGGAATATTGCACAATGGGCGCAAGCCTGATGCAGCGACGCCGCGTGGGGGATGAAGGCCTTCGGGTTGTAAACTCCTTTCGCTATCGACGAAGCCACTTGTGGTGACGGTAGGTAGATAAGAAGCACCGGCTAACTACGTGCCAGCAGCCGCGGTAATACGTAGGGTGCAAGCGTTGTCCGGAATTACTGGGCGTAAAGAGCTCGTAGGTGGTTTGTCGCGTCGTCTGTGAAATCCCGGGGCTTAACTTCGGGCGTGCAGGCGATACGGGCATAACTTGAGTGCTGTAGGGGAGACTGGAATTCCTGGTGTAGCGGTGAAATGCGCAGATATCAGGAGGAACACCGATGGCGAAGGCAGGTCTCTGGGCAGTTACTGACGCTGAGGAGCGAAAGCATGGGTAGCGAACAGGATTAGATACCCTAGTAGTC","Bacteria","Actinobacteriota","Actinobacteria","Corynebacteriales","Corynebacteriaceae","Corynebacterium"
"CCTACGGGCGGCTGCAGTAGGGAATCTTCCACAATGGGCGCAAGCCTGATGGAGCAACGCCGCGTGAATGAAGAAGGTCTTCGGATCGTAAAATTCTGTTGTTAGAGAAGAATATGAGTAATAGTAACTGATTATTCACTGACGGTATCTAACCAGCAAGTCACGGCTAACTACGTGCCAGCAGCCGCGGTAATACGTAGGTGGCAAGCGTTGTCCGGATTTATTGGGCGTAAAGGGAACGCAGGCGGTTTTTTAAGTCTGATGTGAAAGCCTTCGGCTTAACCGGAGATGTGCATTGGAAACTGGAAGACTTGAGTGCAGAAGAGGAGAGTGGAACTCCATGTGTAGCGGTGAAATGCGTAGATATATGGAAGAACACCAGTGGCGAAAGCGGCTCTCTGGTCTGTAACTGACGCTGAGGTTCGAAAGCATGGGTAGCGAACAGGATTAGATACCCTGGTAGTC","Bacteria","Firmicutes","Bacilli","Lactobacillales","Lactobacillaceae","Ligilactobacillus"
"CCTACGGGGGGCTGCAGTAGGGAATCTTCCACAATGGGCGCAAGCCTGATGGAGCAACGCCGCGTGAATGAAGAAGGTCTTCGGATCGTAAAATTCTGTTGTTAGAGAAGAATATGAGTAATAGTAACTGATTATTCACTGACGGTATCTAACCAGCAAGTCACGGCTAACTACGTGCCAGCAGCCGCGGTAATACGTAGGTGGCAAGCGTTGTCCGGATTTATTGGGCGTAAAGGGAACGCAGGCGGTTTTTTAAGTCTGATGTGAAAGCCTTCGGCTTAACCGGAGATGTGCATTGGAAACTGGAAGACTTGAGTGCAGAAGAGGAGAGTGGAACTCCATGTGTAGCGGTGAAATGCGTAGATATATGGAAGAACACCAGTGGCGAAAGCGGCTCTCTGGTCTGTAACTGACGCTGAGGTTCGAAAGCATGGGTAGCGAACAGGATTAGATACCCTTGTAGTC","Bacteria","Firmicutes","Bacilli","Lactobacillales","Lactobacillaceae","Ligilactobacillus"
"CCTACGGGAGGCTGCAGTAGGGAATCTTCCACAATGGGCGCAAGCCTGATGGAGCAACGCCGCGTGAATGAAGAAGGTCTTCGGATCGTAAAATTCTGTTGTTAGAGAAGAATATGAGTAATAGTAACTGATTATTCACTGACGGTATCTAACCAGCAAGTCACGGCTAACTACGTGCCAGCAGCCGCGGTAATACGTAGGTGGCAAGCGTTGTCCGGATTTATTGGGCGTAAAGGGAACGCAGGCGGTTTTTTAAGTCTGATGTGAAAGCCTTCGGCTTAACCGGAGATGTGCATTGGAAACTGGAAGACTTGAGTGCAGAAGAGGAGAGTGGAACTCCATGTGTAGCGGTGAAATGCGTAGATATATGGAAGAACACCAGTGGCGAAAGCGGCTCTCTGGTCTGTAACTGACGCTGAGGTTCGAAAGCATGGGTAGCGAACAGGATTAGATACCCTGGTAGTC","Bacteria","Firmicutes","Bacilli","Lactobacillales","Lactobacillaceae","Ligilactobacillus"
"CCTACGGGAGGCTGCAGTAGGGAATCTTCCACAATGGGCGCAAGCCTGATGGAGCAACGCCGCGTGAATGAAGAAGGTCTTCGGATCGTAAAATTCTGTTGTTAGAGAAGAATATGAGTAATAGTAACTGATTATTCACTGACGGTATCTAACCAGCAAGTCACGGCTAACTACGTGCCAGCAGCCGCGGTAATACGTAGGTGGCAAGCGTTGTCCGGATTTATTGGGCGTAAAGGGAACGCAGGCGGTTTTTTAAGTCTGATGTGAAAGCCTTCGGCTTAACCGGAGATGTGCATTGGAAACTGGAAGACTTGAGTGCAGAAGAGGAGAGTGGAACTCCATGTGTAGCGGTGAAATGCGTAGATATATGGAAGAACACCAGTGGCGAAAGCGGCTCTCTGGTCTGTAACTGACGCTGAGGTTCGAAAGCATGGGTAGCGAACAGGATTAGATACCCTTGTAGTC","Bacteria","Firmicutes","Bacilli","Lactobacillales","Lactobacillaceae","Ligilactobacillus"
"CCTACGGGAGGCTGCAGTAGGGAATCTTCCACAATGGGCGCAAGCCTGATGGAGCAACGCCGCGTGAATGAAGAAGGTCTTCGGATCGTAAAATTCTGTTGTTAGAGAAGAATATGAGTAATAGTAACTGATTATTCACTGACGGTATCTAACCAGCAAGTCACGGCTAACTACGTGCCAGCAGCCGCGGTAATACGTAGGTGGCAAGCGTTGTCCGGATTTATTGGGCGTAAAGGGAACGCAGGCGGTTTTTTAAGTCTGATGTGAAAGCCTTCGGCTTAACCGGAGATGTGCATTGGAAACTGGAAGACTTGAGTGCAGAAGAGGAGAGTGGAACTCCATGTGTAGCGGTGAAATGCGTAGATATATGGAAGAACACCAGTGGCGAAAGCGGCTCTCTGGTCTGTAACTGACGCTGAGGTTCGAAAGCATGGGTAGCGAACAGGATTAGATACCCCTGTAGTC","Bacteria","Firmicutes","Bacilli","Lactobacillales","Lactobacillaceae","Ligilactobacillus"
"CCTACGGGTGGCTGCAGTAGGGAATCTTCCACAATGGGCGCAAGCCTGATGGAGCAACGCCGCGTGAATGAAGAAGGTCTTCGGATCGTAAAATTCTGTTGTTAGAGAAGAATATGAGTAATAGTAACTGATTATTCACTGACGGTATCTAACCAGCAAGTCACGGCTAACTACGTGCCAGCAGCCGCGGTAATACGTAGGTGGCAAGCGTTGTCCGGATTTATTGGGCGTAAAGGGAACGCAGGCGGTTTTTTAAGTCTGATGTGAAAGCCTTCGGCTTAACCGGAGATGTGCATTGGAAACTGGAAGACTTGAGTGCAGAAGAGGAGAGTGGAACTCCATGTGTAGCGGTGAAATGCGTAGATATATGGAAGAACACCAGTGGCGAAAGCGGCTCTCTGGTCTGTAACTGACGCTGAGGTTCGAAAGCATGGGTAGCGAACAGGATTAGATACCCGGGTAGTC","Bacteria","Firmicutes","Bacilli","Lactobacillales","Lactobacillaceae","Ligilactobacillus"
"CCTACGGGAGGCTGCAGTAGGGAATCTTCCACAATGGGCGCAAGCCTGATGGAGCAACGCCGCGTGAATGAAGAAGGTCTTCGGATCGTAAAATTCTGTTGTTAGAGAAGAATATGAGTAATAGTAACTGATTATTCACTGACGGTATCTAACCAGCAAGTCACGGCTAACTACGTGCCAGCAGCCGCGGTAATACGTAGGTGGCAAGCGTTGTCCGGATTTATTGGGCGTAAAGGGAACGCAGGCGGTTTTTTAAGTCTGATGTGAAAGCCTTCGGCTTAACCGGAGATGTGCATTGGAAACTGGAAGACTTGAGTGCAGAAGAGGAGAGTGGAACTCCATGTGTAGCGGTGAAATGCGTAGATATATGGAAGAACACCAGTGGCGAAAGCGGCTCTCTGGTCTGTAACTGACGCTGAGGTTCGAAAGCATGGGTAGCGAACAGGATTAGATACCCGTGTAGTC","Bacteria","Firmicutes","Bacilli","Lactobacillales","Lactobacillaceae","Ligilactobacillus"
"CCTACGGGAGGCAGCAGTAGGGAATCTTCCACAATGGGCGCAAGCCTGATGGAGCAACGCCGCGTGAATGAAGAAGGTCTTCGGATCGTAAAATTCTGTTGTTAGAGAAGAATATGAGTAATAGTAACTGATTATTCACTGACGGTATCTAACCAGCAAGTCACGGCTAACTACGTGCCAGCAGCCGCGGTAATACGTAGGTGGCAAGCGTTGTCCGGATTTATTGGGCGTAAAGGGAACGCAGGCGGTTTTTTAAGTCTGATGTGAAAGCCTTCGGCTTAACCGGAGATGTGCATTGGAAACTGGAAGACTTGAGTGCAGAAGAGGAGAGTGGAACTCCATGTGTAGCGGTGAAATGCGTAGATATATGGAAGAACACCAGTGGCGAAAGCGGCTCTCTGGTCTGTAACTGACGCTGAGGTTCGAAAGCATGGGTAGCGAACAGGATTAGATACCCTTGTAGTC","Bacteria","Firmicutes","Bacilli","Lactobacillales","Lactobacillaceae","Ligilactobacillus"
"CCTACGGGTGGCAGCAGTAGGGAATCTTCCACAATGGGCGCAAGCCTGATGGAGCAACGCCGCGTGAATGAAGAAGGTCTTCGGATCGTAAAATTCTGTTGTTAGAGAAGAATATGAGTAATAGTAACTGATTATTCACTGACGGTATCTAACCAGCAAGTCACGGCTAACTACGTGCCAGCAGCCGCGGTAATACGTAGGTGGCAAGCGTTGTCCGGATTTATTGGGCGTAAAGGGAACGCAGGCGGTTTTTTAAGTCTGATGTGAAAGCCTTCGGCTTAACCGGAGATGTGCATTGGAAACTGGAAGACTTGAGTGCAGAAGAGGAGAGTGGAACTCCATGTGTAGCGGTGAAATGCGTAGATATATGGAAGAACACCAGTGGCGAAAGCGGCTCTCTGGTCTGTAACTGACGCTGAGGTTCGAAAGCATGGGTAGCGAACAGGATTAGATACCCGAGTAGTC","Bacteria","Firmicutes","Bacilli","Lactobacillales","Lactobacillaceae","Ligilactobacillus"
"CCTACGGGTGGCAGCAGTAGGGAATCTTCCACAATGGGCGCAAGCCTGATGGAGCAACGCCGCGTGAATGAAGAAGGTCTTCGGATCGTAAAATTCTGTTGTTAGAGAAGAATATGAGTAATAGTAACTGATTATTCACTGACGGTATCTAACCAGCAAGTCACGGCTAACTACGTGCCAGCAGCCGCGGTAATACGTAGGTGGCAAGCGTTGTCCGGATTTATTGGGCGTAAAGGGAACGCAGGCGGTTTTTTAAGTCTGATGTGAAAGCCTTCGGCTTAACCGGAGATGTGCATTGGAAACTGGAAGACTTGAGTGCAGAAGAGGAGAGTGGAACTCCATGTGTAGCGGTGAAATGCGTAGATATATGGAAGAACACCAGTGGCGAAAGCGGCTCTCTGGTCTGTAACTGACGCTGAGGTTCGAAAGCATGGGTAGCGAACAGGATTAGATACCCCAGTAGTC","Bacteria","Firmicutes","Bacilli","Lactobacillales","Lactobacillaceae","Ligilactobacillus"
"CCTACGGGCGGCTGCAGTAGGGAATCTTCCACAATGGGCGCAAGCCTGATGGAGCAACGCCGCGTGAATGAAGAAGGTCTTCGGATCGTAAAATTCTGTTGTTAGAGAAGAATATGAGTAATAGTAACTGATTATTCACTGACGGTATCTAACCAGCAAGTCACGGCTAACTACGTGCCAGCAGCCGCGGTAATACGTAGGTGGCAAGCGTTGTCCGGATTTATTGGGCGTAAAGGGAACGCAGGCGGTTTTTTAAGTCTGATGTGAAAGCCTTCGGCTTAACCGGAGATGTGCATTGGAAACTGGAAGACTTGAGTGCAGAAGAGGAGAGTGGAACTCCATGTGTAGCGGTGAAATGCGTAGATATATGGAAGAACACCAGTGGCGAAAGCGGCTCTCTGGTCTGTAACTGACGCTGAGGTTCGAAAGCATGGGTAGCGAACAGGATTAGATACCCGTGTAGTC","Bacteria","Firmicutes","Bacilli","Lactobacillales","Lactobacillaceae","Ligilactobacillus"
"CCTACGGGCGGCAGCAGTAGGGAATCTTCCACAATGGGCGCAAGCCTGATGGAGCAACGCCGCGTGAATGAAGAAGGTCTTCGGATCGTAAAATTCTGTTGTTAGAGAAGAATATGAGTAATAGTAACTGATTATTCACTGACGGTATCTAACCAGCAAGTCACGGCTAACTACGTGCCAGCAGCCGCGGTAATACGTAGGTGGCAAGCGTTGTCCGGATTTATTGGGCGTAAAGGGAACGCAGGCGGTTTTTTAAGTCTGATGTGAAAGCCTTCGGCTTAACCGGAGATGTGCATTGGAAACTGGAAGACTTGAGTGCAGAAGAGGAGAGTGGAACTCCATGTGTAGCGGTGAAATGCGTAGATATATGGAAGAACACCAGTGGCGAAAGCGGCTCTCTGGTCTGTAACTGACGCTGAGGTTCGAAAGCATGGGTAGCGAACAGGATTAGATACCCTAGTAGTC","Bacteria","Firmicutes","Bacilli","Lactobacillales","Lactobacillaceae","Ligilactobacillus"
"CCTACGGGGGGCTGCAGTAGGGAATCTTCCACAATGGGCGCAAGCCTGATGGAGCAACGCCGCGTGAATGAAGAAGGTCTTCGGATCGTAAAATTCTGTTGTTAGAGAAGAATATGAGTAATAGTAACTGATTATTCACTGACGGTATCTAACCAGCAAGTCACGGCTAACTACGTGCCAGCAGCCGCGGTAATACGTAGGTGGCAAGCGTTGTCCGGATTTATTGGGCGTAAAGGGAACGCAGGCGGTTTTTTAAGTCTGATGTGAAAGCCTTCGGCTTAACCGGAGATGTGCATTGGAAACTGGAAGACTTGAGTGCAGAAGAGGAGAGTGGAACTCCATGTGTAGCGGTGAAATGCGTAGATATATGGAAGAACACCAGTGGCGAAAGCGGCTCTCTGGTCTGTAACTGACGCTGAGGTTCGAAAGCATGGGTAGCGAACAGGATTAGATACCCGAGTAGTC","Bacteria","Firmicutes","Bacilli","Lactobacillales","Lactobacillaceae","Ligilactobacillus"
"CCTACGGGTGGCAGCAGTAGGGAATCTTCCACAATGGGCGCAAGCCTGATGGAGCAACGCCGCGTGAATGAAGAAGGTCTTCGGATCGTAAAATTCTGTTGTTAGAGAAGAATATGAGTAATAGTAACTGATTATTCACTGACGGTATCTAACCAGCAAGTCACGGCTAACTACGTGCCAGCAGCCGCGGTAATACGTAGGTGGCAAGCGTTGTCCGGATTTATTGGGCGTAAAGGGAACGCAGGCGGTTTTTTAAGTCTGATGTGAAAGCCTTCGGCTTAACCGGAGATGTGCATTGGAAACTGGAAGACTTGAGTGCAGAAGAGGAGAGTGGAACTCCATGTGTAGCGGTGAAATGCGTAGATATATGGAAGAACACCAGTGGCGAAAGCGGCTCTCTGGTCTGTAACTGACGCTGAGGTTCGAAAGCATGGGTAGCGAACAGGATTAGATACCCTGGTAGTC","Bacteria","Firmicutes","Bacilli","Lactobacillales","Lactobacillaceae","Ligilactobacillus"
"CCTACGGGCGGCTGCAGTAGGGAATCTTCCACAATGGGCGCAAGCCTGATGGAGCAACGCCGCGTGAATGAAGAAGGTCTTCGGATCGTAAAATTCTGTTGTTAGAGAAGAATATGAGTAATAGTAACTGATTATTCACTGACGGTATCTAACCAGCAAGTCACGGCTAACTACGTGCCAGCAGCCGCGGTAATACGTAGGTGGCAAGCGTTGTCCGGATTTATTGGGCGTAAAGGGAACGCAGGCGGTTTTTTAAGTCTGATGTGAAAGCCTTCGGCTTAACCGGAGATGTGCATTGGAAACTGGAAGACTTGAGTGCAGAAGAGGAGAGTGGAACTCCATGTGTAGCGGTGAAATGCGTAGATATATGGAAGAACACCAGTGGCGAAAGCGGCTCTCTGGTCTGTAACTGACGCTGAGGTTCGAAAGCATGGGTAGCGAACAGGATTAGATACCCCTGTAGTC","Bacteria","Firmicutes","Bacilli","Lactobacillales","Lactobacillaceae","Ligilactobacillus"
"CCTACGGGGGGCTGCAGTAGGGAATCTTCCACAATGGGCGCAAGCCTGATGGAGCAACGCCGCGTGAATGAAGAAGGTCTTCGGATCGTAAAATTCTGTTGTTAGAGAAGAATATGAGTAATAGTAACTGATTATTCACTGACGGTATCTAACCAGCAAGTCACGGCTAACTACGTGCCAGCAGCCGCGGTAATACGTAGGTGGCAAGCGTTGTCCGGATTTATTGGGCGTAAAGGGAACGCAGGCGGTTTTTTAAGTCTGATGTGAAAGCCTTCGGCTTAACCGGAGATGTGCATTGGAAACTGGAAGACTTGAGTGCAGAAGAGGAGAGTGGAACTCCATGTGTAGCGGTGAAATGCGTAGATATATGGAAGAACACCAGTGGCGAAAGCGGCTCTCTGGTCTGTAACTGACGCTGAGGTTCGAAAGCATGGGTAGCGAACAGGATTAGATACCCCAGTAGTC","Bacteria","Firmicutes","Bacilli","Lactobacillales","Lactobacillaceae","Ligilactobacillus"
"CCTACGGGTGGCAGCAGTAGGGAATCTTCCACAATGGGCGCAAGCCTGATGGAGCAACGCCGCGTGAATGAAGAAGGTCTTCGGATCGTAAAATTCTGTTGTTAGAGAAGAATATGAGTAATAGTAACTGATTATTCACTGACGGTATCTAACCAGCAAGTCACGGCTAACTACGTGCCAGCAGCCGCGGTAATACGTAGGTGGCAAGCGTTGTCCGGATTTATTGGGCGTAAAGGGAACGCAGGCGGTTTTTTAAGTCTGATGTGAAAGCCTTCGGCTTAACCGGAGATGTGCATTGGAAACTGGAAGACTTGAGTGCAGAAGAGGAGAGTGGAACTCCATGTGTAGCGGTGAAATGCGTAGATATATGGAAGAACACCAGTGGCGAAAGCGGCTCTCTGGTCTGTAACTGACGCTGAGGTTCGAAAGCATGGGTAGCGAACAGGATTAGATACCCCTGTAGTC","Bacteria","Firmicutes","Bacilli","Lactobacillales","Lactobacillaceae","Ligilactobacillus"
"CCTACGGGAGGCTGCAGTAGGGAATCTTCCACAATGGGCGCAAGCCTGATGGAGCAACGCCGCGTGAATGAAGAAGGTCTTCGGATCGTAAAATTCTGTTGTTAGAGAAGAATATGAGTAATAGTAACTGATTATTCACTGACGGTATCTAACCAGCAAGTCACGGCTAACTACGTGCCAGCAGCCGCGGTAATACGTAGGTGGCAAGCGTTGTCCGGATTTATTGGGCGTAAAGGGAACGCAGGCGGTTTTTTAAGTCTGATGTGAAAGCCTTCGGCTTAACCGGAGATGTGCATTGGAAACTGGAAGACTTGAGTGCAGAAGAGGAGAGTGGAACTCCATGTGTAGCGGTGAAATGCGTAGATATATGGAAGAACACCAGTGGCGAAAGCGGCTCTCTGGTCTGTAACTGACGCTGAGGTTCGAAAGCATGGGTAGCGAACAGGATTAGATACCCCGGTAGTC","Bacteria","Firmicutes","Bacilli","Lactobacillales","Lactobacillaceae","Ligilactobacillus"
"CCTACGGGAGGCAGCAGTAGGGAATCTTCCACAATGGGCGCAAGCCTGATGGAGCAACGCCGCGTGAATGAAGAAGGTCTTCGGATCGTAAAATTCTGTTGTTAGAGAAGAATATGAGTAATAGTAACTGATTATTCACTGACGGTATCTAACCAGCAAGTCACGGCTAACTACGTGCCAGCAGCCGCGGTAATACGTAGGTGGCAAGCGTTGTCCGGATTTATTGGGCGTAAAGGGAACGCAGGCGGTTTTTTAAGTCTGATGTGAAAGCCTTCGGCTTAACCGGAGATGTGCATTGGAAACTGGAAGACTTGAGTGCAGAAGAGGAGAGTGGAACTCCATGTGTAGCGGTGAAATGCGTAGATATATGGAAGAACACCAGTGGCGAAAGCGGCTCTCTGGTCTGTAACTGACGCTGAGGTTCGAAAGCATGGGTAGCGAACAGGATTAGATACCCCAGTAGTC","Bacteria","Firmicutes","Bacilli","Lactobacillales","Lactobacillaceae","Ligilactobacillus"
"CCTACGGGGGGCAGCAGTAGGGAATCTTCCACAATGGGCGCAAGCCTGATGGAGCAACGCCGCGTGAATGAAGAAGGTCTTCGGATCGTAAAATTCTGTTGTTAGAGAAGAATATGAGTAATAGTAACTGATTATTCACTGACGGTATCTAACCAGCAAGTCACGGCTAACTACGTGCCAGCAGCCGCGGTAATACGTAGGTGGCAAGCGTTGTCCGGATTTATTGGGCGTAAAGGGAACGCAGGCGGTTTTTTAAGTCTGATGTGAAAGCCTTCGGCTTAACCGGAGATGTGCATTGGAAACTGGAAGACTTGAGTGCAGAAGAGGAGAGTGGAACTCCATGTGTAGCGGTGAAATGCGTAGATATATGGAAGAACACCAGTGGCGAAAGCGGCTCTCTGGTCTGTAACTGACGCTGAGGTTCGAAAGCATGGGTAGCGAACAGGATTAGATACCCTAGTAGTC","Bacteria","Firmicutes","Bacilli","Lactobacillales","Lactobacillaceae","Ligilactobacillus"
"CCTACGGGAGGCTGCAGTAGGGAATCTTCCACAATGGGCGCAAGCCTGATGGAGCAACGCCGCGTGAATGAAGAAGGTCTTCGGATCGTAAAATTCTGTTGTTAGAGAAGAATATGAGTAATAGTAACTGATTATTCACTGACGGTATCTAACCAGCAAGTCACGGCTAACTACGTGCCAGCAGCCGCGGTAATACGTAGGTGGCAAGCGTTGTCCGGATTTATTGGGCGTAAAGGGAACGCAGGCGGTTTTTTAAGTCTGATGTGAAAGCCTTCGGCTTAACCGGAGATGTGCATTGGAAACTGGAAGACTTGAGTGCAGAAGAGGAGAGTGGAACTCCATGTGTAGCGGTGAAATGCGTAGATATATGGAAGAACACCAGTGGCGAAAGCGGCTCTCTGGTCTGTAACTGACGCTGAGGTTCGAAAGCATGGGTAGCGAACAGGATTAGATACCCGGGTAGTC","Bacteria","Firmicutes","Bacilli","Lactobacillales","Lactobacillaceae","Ligilactobacillus"
"CCTACGGGAGGCAGCAGTAGGGAATCTTCCACAATGGGCGCAAGCCTGATGGAGCAACGCCGCGTGAATGAAGAAGGTCTTCGGATCGTAAAATTCTGTTGTTAGAGAAGAATATGAGTAATAGTAACTGATTATTCACTGACGGTATCTAACCAGCAAGTCACGGCTAACTACGTGCCAGCAGCCGCGGTAATACGTAGGTGGCAAGCGTTGTCCGGATTTATTGGGCGTAAAGGGAACGCAGGCGGTTTTTTAAGTCTGATGTGAAAGCCTTCGGCTTAACCGGAGATGTGCATTGGAAACTGGAAGACTTGAGTGCAGAAGAGGAGAGTGGAACTCCATGTGTAGCGGTGAAATGCGTAGATATATGGAAGAACACCAGTGGCGAAAGCGGCTCTCTGGTCTGTAACTGACGCTGAGGTTCGAAAGCATGGGTAGCGAACAGGATTAGATACCCGAGTAGTC","Bacteria","Firmicutes","Bacilli","Lactobacillales","Lactobacillaceae","Ligilactobacillus"
"CCTACGGGGGGCTGCAGTAGGGAATCTTCCACAATGGGCGCAAGCCTGATGGAGCAACGCCGCGTGAATGAAGAAGGTCTTCGGATCGTAAAATTCTGTTGTTAGAGAAGAATATGAGTAATAGTAACTGATTATTCACTGACGGTATCTAACCAGCAAGTCACGGCTAACTACGTGCCAGCAGCCGCGGTAATACGTAGGTGGCAAGCGTTGTCCGGATTTATTGGGCGTAAAGGGAACGCAGGCGGTTTTTTAAGTCTGATGTGAAAGCCTTCGGCTTAACCGGAGATGTGCATTGGAAACTGGAAGACTTGAGTGCAGAAGAGGAGAGTGGAACTCCATGTGTAGCGGTGAAATGCGTAGATATATGGAAGAACACCAGTGGCGAAAGCGGCTCTCTGGTCTGTAACTGACGCTGAGGTTCGAAAGCATGGGTAGCGAACAGGATTAGATACCCGTGTAGTC","Bacteria","Firmicutes","Bacilli","Lactobacillales","Lactobacillaceae","Ligilactobacillus"
"CCTACGGGGGGCTGCAGTAGGGAATCTTCCACAATGGGCGCAAGCCTGATGGAGCAACGCCGCGTGAATGAAGAAGGTCTTCGGATCGTAAAATTCTGTTGTTAGAGAAGAATATGAGTAATAGTAACTGATTATTCACTGACGGTATCTAACCAGCAAGTCACGGCTAACTACGTGCCAGCAGCCGCGGTAATACGTAGGTGGCAAGCGTTGTCCGGATTTATTGGGCGTAAAGGGAACGCAGGCGGTTTTTTAAGTCTGATGTGAAAGCCTTCGGCTTAACCGGAGATGTGCATTGGAAACTGGAAGACTTGAGTGCAGAAGAGGAGAGTGGAACTCCATGTGTAGCGGTGAAATGCGTAGATATATGGAAGAACACCAGTGGCGAAAGCGGCTCTCTGGTCTGTAACTGACGCTGAGGTTCGAAAGCATGGGTAGCGAACAGGATTAGATACCCCTGTAGTC","Bacteria","Firmicutes","Bacilli","Lactobacillales","Lactobacillaceae","Ligilactobacillus"
"CCTACGGGAGGCAGCAGTAGGGAATCTTCCACAATGGGCGCAAGCCTGATGGAGCAACGCCGCGTGAATGAAGAAGGTCTTCGGATCGTAAAATTCTGTTGTTAGAGAAGAATATGAGTAATAGTAACTGATTATTCACTGACGGTATCTAACCAGCAAGTCACGGCTAACTACGTGCCAGCAGCCGCGGTAATACGTAGGTGGCAAGCGTTGTCCGGATTTATTGGGCGTAAAGGGAACGCAGGCGGTTTTTTAAGTCTGATGTGAAAGCCTTCGGCTTAACCGGAGATGTGCATTGGAAACTGGAAGACTTGAGTGCAGAAGAGGAGAGTGGAACTCCATGTGTAGCGGTGAAATGCGTAGATATATGGAAGAACACCAGTGGCGAAAGCGGCTCTCTGGTCTGTAACTGACGCTGAGGTTCGAAAGCATGGGTAGCGAACAGGATTAGATACCCCTGTAGTC","Bacteria","Firmicutes","Bacilli","Lactobacillales","Lactobacillaceae","Ligilactobacillus"
"CCTACGGGGGGCTGCAGTAGGGAATCTTCCACAATGGGCGCAAGCCTGATGGAGCAACGCCGCGTGAATGAAGAAGGTCTTCGGATCGTAAAATTCTGTTGTTAGAGAAGAATATGAGTAATAGTAACTGATTATTCACTGACGGTATCTAACCAGCAAGTCACGGCTAACTACGTGCCAGCAGCCGCGGTAATACGTAGGTGGCAAGCGTTGTCCGGATTTATTGGGCGTAAAGGGAACGCAGGCGGTTTTTTAAGTCTGATGTGAAAGCCTTCGGCTTAACCGGAGATGTGCATTGGAAACTGGAAGACTTGAGTGCAGAAGAGGAGAGTGGAACTCCATGTGTAGCGGTGAAATGCGTAGATATATGGAAGAACACCAGTGGCGAAAGCGGCTCTCTGGTCTGTAACTGACGCTGAGGTTCGAAAGCATGGGTAGCGAACAGGATTAGATACCCCGGTAGTC","Bacteria","Firmicutes","Bacilli","Lactobacillales","Lactobacillaceae","Ligilactobacillus"
"CCTACGGGGGGCAGCAGTAGGGAATCTTCCACAATGGGCGCAAGCCTGATGGAGCAACGCCGCGTGAATGAAGAAGGTCTTCGGATCGTAAAATTCTGTTGTTAGAGAAGAATATGAGTAATAGTAACTGATTATTCACTGACGGTATCTAACCAGCAAGTCACGGCTAACTACGTGCCAGCAGCCGCGGTAATACGTAGGTGGCAAGCGTTGTCCGGATTTATTGGGCGTAAAGGGAACGCAGGCGGTTTTTTAAGTCTGATGTGAAAGCCTTCGGCTTAACCGGAGATGTGCATTGGAAACTGGAAGACTTGAGTGCAGAAGAGGAGAGTGGAACTCCATGTGTAGCGGTGAAATGCGTAGATATATGGAAGAACACCAGTGGCGAAAGCGGCTCTCTGGTCTGTAACTGACGCTGAGGTTCGAAAGCATGGGTAGCGAACAGGATTAGATACCCCAGTAGTC","Bacteria","Firmicutes","Bacilli","Lactobacillales","Lactobacillaceae","Ligilactobacillus"
"CCTACGGGGGGCAGCAGTAGGGAATCTTCCACAATGGGCGCAAGCCTGATGGAGCAACGCCGCGTGAATGAAGAAGGTCTTCGGATCGTAAAATTCTGTTGTTAGAGAAGAATATGAGTAATAGTAACTGATTATTCACTGACGGTATCTAACCAGCAAGTCACGGCTAACTACGTGCCAGCAGCCGCGGTAATACGTAGGTGGCAAGCGTTGTCCGGATTTATTGGGCGTAAAGGGAACGCAGGCGGTTTTTTAAGTCTGATGTGAAAGCCTTCGGCTTAACCGGAGATGTGCATTGGAAACTGGAAGACTTGAGTGCAGAAGAGGAGAGTGGAACTCCATGTGTAGCGGTGAAATGCGTAGATATATGGAAGAACACCAGTGGCGAAAGCGGCTCTCTGGTCTGTAACTGACGCTGAGGTTCGAAAGCATGGGTAGCGAACAGGATTAGATACCCGAGTAGTC","Bacteria","Firmicutes","Bacilli","Lactobacillales","Lactobacillaceae","Ligilactobacillus"
"CCTACGGGTGGCTGCAGTAGGGAATCTTCCACAATGGGCGCAAGCCTGATGGAGCAACGCCGCGTGAATGAAGAGGGTCTTCGGATCGTAAAATTCTGTTGTTAGAGAAGAATATGAGTAATAGTAACTGATTATTCACTGACGGTATCTAACCAGCAAGTCACGGCTAACTACGTGCCAGCAGCCGCGGTAATACGTAGGTGGCAAGCGTTGTCCGGATTTATTGGGCGTAAAGGGAACGCAGGCGGTTTTTTAAGTCTGATGTGAAAGCCTTCGGCTTAACCGGAGATGTGCATTGGAAACTGGAAGACTTGAGTGCAGAAGAGGAGAGTGGAACTCCATGTGTAGCGGTGAAATGCGTAGATATATGGAAGAACACCAGTGGCGAAAGCGGCTCTCTGGTCTGTAACTGACGCTGAGGTTCGAAAGCATGGGTAGCGAACAGGATTAGATACCCTAGTAGTC","Bacteria","Firmicutes","Bacilli","Lactobacillales","Lactobacillaceae","Ligilactobacillus"
"CCTACGGGTGGCTGCAGTAGGGAATCTTCCACAATGGGCGCAAGCCTGATGGAGCAACGCCGCGTGAATGAAGAGGGTCTTCGGATCGTAAAATTCTGTTGTTAGAGAAGAATATGAGTAATAGTAACTGATTATTCACTGACGGTATCTAACCAGCAAGTCACGGCTAACTACGTGCCAGCAGCCGCGGTAATACGTAGGTGGCAAGCGTTGTCCGGATTTATTGGGCGTAAAGGGAACGCAGGCGGTTTTTTAAGTCTGATGTGAAAGCCTTCGGCTTAACCGGAGATGTGCATTGGAAACTGGAAGACTTGAGTGCAGAAGAGGAGAGTGGAACTCCATGTGTAGCGGTGAAATGCGTAGATATATGGAAGAACACCAGTGGCGAAAGCGGCTCTCTGGTCTGTAACTGACGCTGAGGTTCGAAAGCATGGGTAGCGAACAGGATTAGATACCCGAGTAGTC","Bacteria","Firmicutes","Bacilli","Lactobacillales","Lactobacillaceae","Ligilactobacillus"
"CCTACGGGAGGCTGCAGTAGGGAATCTTCCACAATGGGCGCAAGCCTGATGGAGCAACGCCGCGTGAATGAAGAGGGTCTTCGGATCGTAAAATTCTGTTGTTAGAGAAGAATATGAGTAATAGTAACTGATTATTCACTGACGGTATCTAACCAGCAAGTCACGGCTAACTACGTGCCAGCAGCCGCGGTAATACGTAGGTGGCAAGCGTTGTCCGGATTTATTGGGCGTAAAGGGAACGCAGGCGGTTTTTTAAGTCTGATGTGAAAGCCTTCGGCTTAACCGGAGATGTGCATTGGAAACTGGAAGACTTGAGTGCAGAAGAGGAGAGTGGAACTCCATGTGTAGCGGTGAAATGCGTAGATATATGGAAGAACACCAGTGGCGAAAGCGGCTCTCTGGTCTGTAACTGACGCTGAGGTTCGAAAGCATGGGTAGCGAACAGGATTAGATACCCTAGTAGTC","Bacteria","Firmicutes","Bacilli","Lactobacillales","Lactobacillaceae","Ligilactobacillus"
"CCTACGGGTGGCTGCAGTAGGGAATCTTCCACAATGGGCGCAAGCCTGATGGAGCAACGCCGCGTGAATGAAGAGGGTCTTCGGATCGTAAAATTCTGTTGTTAGAGAAGAATATGAGTAATAGTAACTGATTATTCACTGACGGTATCTAACCAGCAAGTCACGGCTAACTACGTGCCAGCAGCCGCGGTAATACGTAGGTGGCAAGCGTTGTCCGGATTTATTGGGCGTAAAGGGAACGCAGGCGGTTTTTTAAGTCTGATGTGAAAGCCTTCGGCTTAACCGGAGATGTGCATTGGAAACTGGAAGACTTGAGTGCAGAAGAGGAGAGTGGAACTCCATGTGTAGCGGTGAAATGCGTAGATATATGGAAGAACACCAGTGGCGAAAGCGGCTCTCTGGTCTGTAACTGACGCTGAGGTTCGAAAGCATGGGTAGCGAACAGGATTAGATACCCTTGTAGTC","Bacteria","Firmicutes","Bacilli","Lactobacillales","Lactobacillaceae","Ligilactobacillus"
"CCTACGGGAGGCTGCAGTAGGGAATCTTCCACAATGGGCGCAAGCCTGATGGAGCAACGCCGCGTGAATGAAGAGGGTCTTCGGATCGTAAAATTCTGTTGTTAGAGAAGAATATGAGTAATAGTAACTGATTATTCACTGACGGTATCTAACCAGCAAGTCACGGCTAACTACGTGCCAGCAGCCGCGGTAATACGTAGGTGGCAAGCGTTGTCCGGATTTATTGGGCGTAAAGGGAACGCAGGCGGTTTTTTAAGTCTGATGTGAAAGCCTTCGGCTTAACCGGAGATGTGCATTGGAAACTGGAAGACTTGAGTGCAGAAGAGGAGAGTGGAACTCCATGTGTAGCGGTGAAATGCGTAGATATATGGAAGAACACCAGTGGCGAAAGCGGCTCTCTGGTCTGTAACTGACGCTGAGGTTCGAAAGCATGGGTAGCGAACAGGATTAGATACCCCAGTAGTC","Bacteria","Firmicutes","Bacilli","Lactobacillales","Lactobacillaceae","Ligilactobacillus"
"CCTACGGGTGGCTGCAGTAGGGAATCTTCCACAATGGGCGCAAGCCTGATGGAGCAACGCCGCGTGAATGAAGAGGGTCTTCGGATCGTAAAATTCTGTTGTTAGAGAAGAATATGAGTAATAGTAACTGATTATTCACTGACGGTATCTAACCAGCAAGTCACGGCTAACTACGTGCCAGCAGCCGCGGTAATACGTAGGTGGCAAGCGTTGTCCGGATTTATTGGGCGTAAAGGGAACGCAGGCGGTTTTTTAAGTCTGATGTGAAAGCCTTCGGCTTAACCGGAGATGTGCATTGGAAACTGGAAGACTTGAGTGCAGAAGAGGAGAGTGGAACTCCATGTGTAGCGGTGAAATGCGTAGATATATGGAAGAACACCAGTGGCGAAAGCGGCTCTCTGGTCTGTAACTGACGCTGAGGTTCGAAAGCATGGGTAGCGAACAGGATTAGATACCCCAGTAGTC","Bacteria","Firmicutes","Bacilli","Lactobacillales","Lactobacillaceae","Ligilactobacillus"
"CCTACGGGAGGCTGCAGTAGGGAATCTTCCACAATGGGCGCAAGCCTGATGGAGCAACGCCGCGTGAATGAAGAGGGTCTTCGGATCGTAAAATTCTGTTGTTAGAGAAGAATATGAGTAATAGTAACTGATTATTCACTGACGGTATCTAACCAGCAAGTCACGGCTAACTACGTGCCAGCAGCCGCGGTAATACGTAGGTGGCAAGCGTTGTCCGGATTTATTGGGCGTAAAGGGAACGCAGGCGGTTTTTTAAGTCTGATGTGAAAGCCTTCGGCTTAACCGGAGATGTGCATTGGAAACTGGAAGACTTGAGTGCAGAAGAGGAGAGTGGAACTCCATGTGTAGCGGTGAAATGCGTAGATATATGGAAGAACACCAGTGGCGAAAGCGGCTCTCTGGTCTGTAACTGACGCTGAGGTTCGAAAGCATGGGTAGCGAACAGGATTAGATACCCGAGTAGTC","Bacteria","Firmicutes","Bacilli","Lactobacillales","Lactobacillaceae","Ligilactobacillus"
"CCTACGGGAGGCTGCAGTAGGGAATCTTCCACAATGGGCGCAAGCCTGATGGAGCAACGCCGCGTGAATGAAGAGGGTCTTCGGATCGTAAAATTCTGTTGTTAGAGAAGAATATGAGTAATAGTAACTGATTATTCACTGACGGTATCTAACCAGCAAGTCACGGCTAACTACGTGCCAGCAGCCGCGGTAATACGTAGGTGGCAAGCGTTGTCCGGATTTATTGGGCGTAAAGGGAACGCAGGCGGTTTTTTAAGTCTGATGTGAAAGCCTTCGGCTTAACCGGAGATGTGCATTGGAAACTGGAAGACTTGAGTGCAGAAGAGGAGAGTGGAACTCCATGTGTAGCGGTGAAATGCGTAGATATATGGAAGAACACCAGTGGCGAAAGCGGCTCTCTGGTCTGTAACTGACGCTGAGGTTCGAAAGCATGGGTAGCGAACAGGATTAGATACCCTGGTAGTC","Bacteria","Firmicutes","Bacilli","Lactobacillales","Lactobacillaceae","Ligilactobacillus"
"CCTACGGGAGGCTGCAGTAGGGAATCTTCCACAATGGGCGCAAGCCTGATGGAGCAACGCCGCGTGAATGAAGAGGGTCTTCGGATCGTAAAATTCTGTTGTTAGAGAAGAATATGAGTAATAGTAACTGATTATTCACTGACGGTATCTAACCAGCAAGTCACGGCTAACTACGTGCCAGCAGCCGCGGTAATACGTAGGTGGCAAGCGTTGTCCGGATTTATTGGGCGTAAAGGGAACGCAGGCGGTTTTTTAAGTCTGATGTGAAAGCCTTCGGCTTAACCGGAGATGTGCATTGGAAACTGGAAGACTTGAGTGCAGAAGAGGAGAGTGGAACTCCATGTGTAGCGGTGAAATGCGTAGATATATGGAAGAACACCAGTGGCGAAAGCGGCTCTCTGGTCTGTAACTGACGCTGAGGTTCGAAAGCATGGGTAGCGAACAGGATTAGATACCCCTGTAGTC","Bacteria","Firmicutes","Bacilli","Lactobacillales","Lactobacillaceae","Ligilactobacillus"
